OEPIBAPE,SaanichInlet_10m.100
MPNHMJCA,SaanichInlet_10m.103
AOJABBKC,SaanichInlet_10m.104
MEELNEAM,SaanichInlet_10m.107
FDOIMCAN,SaanichInlet_10m.11
JNCAEMMF,SaanichInlet_10m.111
LNMCPEHM,SaanichInlet_10m.112
JGIKPNFB,SaanichInlet_10m.114
GMFKFEDO,SaanichInlet_10m.116
ODLBDEHH,SaanichInlet_10m.119
MMCFFLIN,SaanichInlet_10m.12
COCCCIIA,SaanichInlet_10m.120
PMNBGLEH,SaanichInlet_10m.132
EHJIHHIA,SaanichInlet_10m.136
GDLJPMIB,SaanichInlet_10m.140
ECFPDAKA,SaanichInlet_10m.141
ANDLHOPL,SaanichInlet_10m.142
ICPPLHGL,SaanichInlet_10m.148
BHHJIPBL,SaanichInlet_10m.15
NHPGDCIC,SaanichInlet_10m.154
LAMKNALE,SaanichInlet_10m.155
OJBGMKFI,SaanichInlet_10m.166
DAOIKMHF,SaanichInlet_10m.17
JCECDEEO,SaanichInlet_10m.176
KPENIHPH,SaanichInlet_10m.177
DFLBNKJB,SaanichInlet_10m.178
DDODMLCJ,SaanichInlet_10m.179
CCCJBCLL,SaanichInlet_10m.18
GEPHEFPO,SaanichInlet_10m.183
KMIBNMGF,SaanichInlet_10m.185
LBEPHDID,SaanichInlet_10m.186
FOMFJLDN,SaanichInlet_10m.190
EHLPAIKB,SaanichInlet_10m.192
KIFGODNP,SaanichInlet_10m.197
IMMHCGCC,SaanichInlet_10m.198
FPGGPOJA,SaanichInlet_10m.199
GPLBGAJO,SaanichInlet_10m.208
CHCPFMOH,SaanichInlet_10m.213
FOFJICDN,SaanichInlet_10m.216
CGHGFAAC,SaanichInlet_10m.218
FFDNKAHG,SaanichInlet_10m.219
GMACMBHB,SaanichInlet_10m.221
MEEJEBGB,SaanichInlet_10m.225
IAAHKKOJ,SaanichInlet_10m.226
IOMKHCDA,SaanichInlet_10m.227
COKIIFMJ,SaanichInlet_10m.23
DLIKLKCP,SaanichInlet_10m.233
PMDGCEHL,SaanichInlet_10m.234
AEIJGNIO,SaanichInlet_10m.235
PKCLMBBC,SaanichInlet_10m.238
BJOBJKEJ,SaanichInlet_10m.24
MEPKJAOO,SaanichInlet_10m.240
PDFHGPON,SaanichInlet_10m.242
HNDANFPL,SaanichInlet_10m.246
EMLACLOG,SaanichInlet_10m.247
AOJGCCMG,SaanichInlet_10m.257
EOFKDJEP,SaanichInlet_10m.259
CNECAJOA,SaanichInlet_10m.261
NDDHILDE,SaanichInlet_10m.262
EKDAHNOH,SaanichInlet_10m.263
IGCIMHPM,SaanichInlet_10m.265
BOFGCMKO,SaanichInlet_10m.266
DAOLDAIK,SaanichInlet_10m.268
OLGPHELA,SaanichInlet_10m.269
LKDOMNOO,SaanichInlet_10m.271
AGADOLMA,SaanichInlet_10m.275
PPKLIPIA,SaanichInlet_10m.276
KBBPNMPN,SaanichInlet_10m.279
CJJMGLFO,SaanichInlet_10m.28
CILHKAGL,SaanichInlet_10m.280
POEBNIJO,SaanichInlet_10m.281
FONHOGDL,SaanichInlet_10m.286
PCFIKCLJ,SaanichInlet_10m.289
DIPOCFIP,SaanichInlet_10m.292
LBLIPPHJ,SaanichInlet_10m.293
MIABCFON,SaanichInlet_10m.294
PICFLKLG,SaanichInlet_10m.295
CAOHCFIM,SaanichInlet_10m.296
NCBAOGNB,SaanichInlet_10m.299
PCPCDPDK,SaanichInlet_10m.30
LOFKFPCF,SaanichInlet_10m.300
DFNIDBPC,SaanichInlet_10m.301
FGPKOMKN,SaanichInlet_10m.303
CGNKNPJJ,SaanichInlet_10m.305
DAMHOOLD,SaanichInlet_10m.306
CLINIHHH,SaanichInlet_10m.308
NPBHCDIL,SaanichInlet_10m.31
BDHPNFDD,SaanichInlet_10m.313
EEKMICKO,SaanichInlet_10m.315
PLEHNPDM,SaanichInlet_10m.316
GBJFBJOC,SaanichInlet_10m.318
CPLAHLFM,SaanichInlet_10m.321
FMGOKNHD,SaanichInlet_10m.322
MGKBJPEF,SaanichInlet_10m.326
AMHHJBMG,SaanichInlet_10m.33
GPBKGEGB,SaanichInlet_10m.330
JJHLBNLN,SaanichInlet_10m.331
ANNICNBJ,SaanichInlet_10m.332
CENEJFOO,SaanichInlet_10m.333
INDECMBL,SaanichInlet_10m.336
FGIBLBFE,SaanichInlet_10m.339
EHDBMLEE,SaanichInlet_10m.34
BHDDPKIJ,SaanichInlet_10m.340
DDNCBJMF,SaanichInlet_10m.341
OJOJNJDO,SaanichInlet_10m.342
MGEMJPCG,SaanichInlet_10m.346
HOAGOKMK,SaanichInlet_10m.35
NBEFPAAO,SaanichInlet_10m.353
ONHMFDFK,SaanichInlet_10m.354
JICOJHNP,SaanichInlet_10m.358
JPLBFLND,SaanichInlet_10m.359
LLFADLJE,SaanichInlet_10m.366
BBOAMDLD,SaanichInlet_10m.368
OMKMCGPO,SaanichInlet_10m.369
MNBOMGJM,SaanichInlet_10m.370
DONKHFCF,SaanichInlet_10m.378
EIGAGHBF,SaanichInlet_10m.38
IANHIJMK,SaanichInlet_10m.384
IIAJCEEM,SaanichInlet_10m.385
IFHMPJFI,SaanichInlet_10m.386
KAIPOPCL,SaanichInlet_10m.388
OJNEFOIL,SaanichInlet_10m.389
KKHIPMDC,SaanichInlet_10m.394
OLNBJAHM,SaanichInlet_10m.397
FMPBCLNN,SaanichInlet_10m.398
KFHLDGFF,SaanichInlet_10m.40
NCGKOGFB,SaanichInlet_10m.402
AFLFHBOB,SaanichInlet_10m.407
LBPLOADE,SaanichInlet_10m.41
FENAEPIO,SaanichInlet_10m.42
LJLJMBLE,SaanichInlet_10m.43
COAPGDMO,SaanichInlet_10m.46
PLDBAGAP,SaanichInlet_10m.52
GMPGFBCK,SaanichInlet_10m.56
DAAHEFCG,SaanichInlet_10m.58
KBPMHFDO,SaanichInlet_10m.59
HLOLMFMH,SaanichInlet_10m.6
IIMHKBCB,SaanichInlet_10m.61
MIHNJBDG,SaanichInlet_10m.62
BCOMMGPM,SaanichInlet_10m.63
DLMGADKL,SaanichInlet_10m.65
EEFCIMPK,SaanichInlet_10m.67
HPLBOGDP,SaanichInlet_10m.68
BMPBBILE,SaanichInlet_10m.69
MLKEKIGK,SaanichInlet_10m.7
KNGECOPJ,SaanichInlet_10m.70
PINMLCJO,SaanichInlet_10m.78
HIECPLDJ,SaanichInlet_10m.81
BJLGFBAK,SaanichInlet_10m.84
EFOOBNLI,SaanichInlet_10m.85
NGHHNEFI,SaanichInlet_10m.86
DNJPBIGB,SaanichInlet_10m.90
PLEOFKAH,SaanichInlet_10m.95
IIODCOPG,SaanichInlet_10m.96
